ISBN,Título,Autor,Editora,Ano,Gênero
1234567890,Título do Livro 1,Autor 1,Editora 1,2022,Gênero 1
0987654321,Título do Livro 2,Autor 2,Editora 2,2023,Gênero 2
567890,Book Title,Author,Publisher,2022,Genre
,,,,,
1234567890,Book Title,Author,Publisher,2022,Genre
,,,,,
1234567890,Book Title,Author,Publisher,2022,Genre
,,,,,
1234567890,Book Title,Author,Publisher,2022,Genre
,,,,,
1234567890,Título do Livro,Autor,Editora,2022,Gênero
,,,,,
1234567890,Título do Livro,Autor,Editora,2022,Gênero
,,,,,
1234567890,Título do Livro,Autor,Editora,2022,Gênero
,,,,,
1234567890,Título do Livro,Autor,Editora,2022,Gênero
,,,,,
1234567890,Título do Livro,Autor,Editora,2022,Gênero
,,,,,
1234567890,Título do Livro,Autor,Editora,2022,Gênero
,,,,,
1234567890,Título do Livro,Autor,Editora,2022,Gênero
